school,academic_year,international_m1_stock,international_m2_stock,international_stock_total,international_new_entrants,international_capacity,international_applicants,international_offers,international_admission_rate,stock_status,admissions_status,stock_scope,verified_on
PSL,2020-21,4,8,12,,,,,,verified_classification_subset,not_verified,SISE Physique / Masters hors enseignement / international mobility / primary registrations,2026-10-07
PSL,2021-22,2,8,10,,,,,,verified_classification_subset,not_verified,SISE Physique / Masters hors enseignement / international mobility / primary registrations,2026-10-07
PSL,2022-23,15,10,25,,,,,,verified_classification_subset,not_verified,SISE Physique / Masters hors enseignement / international mobility / primary registrations,2026-10-07
PSL,2023-24,10,18,28,,,,,,verified_classification_subset,not_verified,SISE Physique / Masters hors enseignement / international mobility / primary registrations,2026-10-07
PSL,2024-25,18,16,34,,,,,,verified_classification_subset,not_verified,SISE Physique / Masters hors enseignement / international mobility / primary registrations,2026-10-07
IP Paris,2020-21,,,,,,,,,not_verified_dataset_coverage,not_verified,SISE Physique / Masters hors enseignement / international mobility / primary registrations,2026-10-07
IP Paris,2021-22,,,,,,,,,not_verified_dataset_coverage,not_verified,SISE Physique / Masters hors enseignement / international mobility / primary registrations,2026-10-07
IP Paris,2022-23,,,,,,,,,not_verified_dataset_coverage,not_verified,SISE Physique / Masters hors enseignement / international mobility / primary registrations,2026-10-07
IP Paris,2023-24,,,,,,,,,not_verified_dataset_coverage,not_verified,SISE Physique / Masters hors enseignement / international mobility / primary registrations,2026-10-07
IP Paris,2024-25,,,,,,,,,not_verified_dataset_coverage,not_verified,SISE Physique / Masters hors enseignement / international mobility / primary registrations,2026-10-07
Sorbonne,2020-21,51,73,124,,,,,,verified_classification_subset,not_verified,SISE Physique / Masters hors enseignement / international mobility / primary registrations,2026-10-07
Sorbonne,2021-22,53,57,110,,,,,,verified_classification_subset,not_verified,SISE Physique / Masters hors enseignement / international mobility / primary registrations,2026-10-07
Sorbonne,2022-23,48,54,102,,,,,,verified_classification_subset,not_verified,SISE Physique / Masters hors enseignement / international mobility / primary registrations,2026-10-07
Sorbonne,2023-24,48,47,95,,,,,,verified_classification_subset,not_verified,SISE Physique / Masters hors enseignement / international mobility / primary registrations,2026-10-07
Sorbonne,2024-25,41,64,105,,,,,,verified_classification_subset,not_verified,SISE Physique / Masters hors enseignement / international mobility / primary registrations,2026-10-07
Paris-Saclay,2020-21,58,103,161,,,,,,verified_classification_subset,not_verified,SISE Physique / Masters hors enseignement / international mobility / primary registrations,2026-10-07
Paris-Saclay,2021-22,93,107,200,,,,,,verified_classification_subset,not_verified,SISE Physique / Masters hors enseignement / international mobility / primary registrations,2026-10-07
Paris-Saclay,2022-23,89,106,195,,,,,,verified_classification_subset,not_verified,SISE Physique / Masters hors enseignement / international mobility / primary registrations,2026-10-07
Paris-Saclay,2023-24,81,123,204,,,,,,verified_classification_subset,not_verified,SISE Physique / Masters hors enseignement / international mobility / primary registrations,2026-10-07
Paris-Saclay,2024-25,49,86,135,,,,,,verified_classification_subset,not_verified,SISE Physique / Masters hors enseignement / international mobility / primary registrations,2026-10-07
Paris Cité,2020-21,25,31,56,,,,,,verified_classification_subset,not_verified,SISE Physique / Masters hors enseignement / international mobility / primary registrations,2026-10-07
Paris Cité,2021-22,29,35,64,,,,,,verified_classification_subset,not_verified,SISE Physique / Masters hors enseignement / international mobility / primary registrations,2026-10-07
Paris Cité,2022-23,19,26,45,,,,,,verified_classification_subset,not_verified,SISE Physique / Masters hors enseignement / international mobility / primary registrations,2026-10-07
Paris Cité,2023-24,31,24,55,,,,,,verified_classification_subset,not_verified,SISE Physique / Masters hors enseignement / international mobility / primary registrations,2026-10-07
Paris Cité,2024-25,37,38,75,,,,,,verified_classification_subset,not_verified,SISE Physique / Masters hors enseignement / international mobility / primary registrations,2026-10-07
